id,dur,proto,service,state,spkts,dpkts,sbytes,dbytes,rate,sttl,dttl,sload,dload,sloss,dloss,sinpkt,dinpkt,sjit,djit,swin,stcpb,dtcpb,dwin,tcprtt,synack,ackdat,smean,dmean,trans_depth,response_body_len,ct_srv_src,ct_state_ttl,ct_dst_ltm,ct_src_dport_ltm,ct_dst_sport_ltm,ct_dst_src_ltm,is_ftp_login,ct_ftp_cmd,ct_flw_http_mthd,ct_src_ltm,ct_srv_dst,is_sm_ips_ports,attack_cat,label
1,1741864714.725755,6.0,,,1,1,74,74,1.0,50.0,,,,0,0,,,,,,,,,,,,,,,,,,,,,,0,0,0,,,0,Normal,0
2,1741864714.7792935,6.0,,,1,1,40,40,1.0,128.0,,,,0,0,,,,,,,,,,,,,,,,,,,,,,0,0,0,,,0,Normal,0
3,1741864714.7953053,6.0,,,1,1,78,78,1.0,128.0,,,,0,0,,,,,,,,,,,,,,,,,,,,,,0,0,0,,,0,Normal,0
4,1741864714.8841717,6.0,,,1,1,40,40,1.0,50.0,,,,0,0,,,,,,,,,,,,,,,,,,,,,,0,0,0,,,0,Normal,0
5,1741864715.496906,17.0,,,1,1,525,525,1.0,4.0,,,,0,0,,,,,,,,,,,,,,,,,,,,,,0,0,0,,,0,Normal,0
6,1741864715.496906,17.0,,,1,1,525,525,1.0,64.0,,,,0,0,,,,,,,,,,,,,,,,,,,,,,0,0,0,,,0,Normal,0
7,1741864715.4979138,17.0,,,1,1,565,565,1.0,4.0,,,,0,0,,,,,,,,,,,,,,,,,,,,,,0,0,0,,,0,Normal,0
8,1741864715.4979138,17.0,,,1,1,565,565,1.0,64.0,,,,0,0,,,,,,,,,,,,,,,,,,,,,,0,0,0,,,0,Normal,0
9,1741864715.4989827,17.0,,,1,1,581,581,1.0,64.0,,,,0,0,,,,,,,,,,,,,,,,,,,,,,0,0,0,,,0,Normal,0
10,1741864716.5951114,17.0,,,1,1,244,244,1.0,4.0,,,,0,0,,,,,,,,,,,,,,,,,,,,,,0,0,0,,,0,Normal,0
11,1741864716.6435254,17.0,,,1,1,244,244,1.0,4.0,,,,0,0,,,,,,,,,,,,,,,,,,,,,,0,0,0,,,0,Normal,0
12,1741864716.6780062,6.0,,,1,1,52,52,1.0,128.0,,,,0,0,,,,,,,,,,,,,,,,,,,,,,0,0,0,,,0,Normal,0
13,1741864716.6935718,17.0,,,1,1,253,253,1.0,4.0,,,,0,0,,,,,,,,,,,,,,,,,,,,,,0,0,0,,,0,Normal,0
14,1741864716.744078,17.0,,,1,1,253,253,1.0,4.0,,,,0,0,,,,,,,,,,,,,,,,,,,,,,0,0,0,,,0,Normal,0
15,1741864716.79376,17.0,,,1,1,300,300,1.0,4.0,,,,0,0,,,,,,,,,,,,,,,,,,,,,,0,0,0,,,0,Normal,0
16,1741864716.8523498,17.0,,,1,1,300,300,1.0,4.0,,,,0,0,,,,,,,,,,,,,,,,,,,,,,0,0,0,,,0,Normal,0
17,1741864716.900844,17.0,,,1,1,298,298,1.0,4.0,,,,0,0,,,,,,,,,,,,,,,,,,,,,,0,0,0,,,0,Normal,0
18,1741864716.955873,17.0,,,1,1,298,298,1.0,4.0,,,,0,0,,,,,,,,,,,,,,,,,,,,,,0,0,0,,,0,Normal,0
19,1741864716.9748962,6.0,,,1,1,52,52,1.0,128.0,,,,0,0,,,,,,,,,,,,,,,,,,,,,,0,0,0,,,0,Normal,0
20,1741864717.0044205,17.0,,,1,1,308,308,1.0,4.0,,,,0,0,,,,,,,,,,,,,,,,,,,,,,0,0,0,,,0,Normal,0
21,1741864717.0633924,17.0,,,1,1,308,308,1.0,4.0,,,,0,0,,,,,,,,,,,,,,,,,,,,,,0,0,0,,,0,Normal,0
22,1741864717.0745583,6.0,,,1,1,84,84,1.0,128.0,,,,0,0,,,,,,,,,,,,,,,,,,,,,,0,0,0,,,0,Normal,0
23,1741864717.1041796,17.0,,,1,1,310,310,1.0,4.0,,,,0,0,,,,,,,,,,,,,,,,,,,,,,0,0,0,,,0,Normal,0
24,1741864717.1149473,6.0,,,1,1,76,76,1.0,56.0,,,,0,0,,,,,,,,,,,,,,,,,,,,,,0,0,0,,,0,Normal,0
25,1741864717.1539886,17.0,,,1,1,310,310,1.0,4.0,,,,0,0,,,,,,,,,,,,,,,,,,,,,,0,0,0,,,0,Normal,0
26,1741864717.1616051,6.0,,,1,1,40,40,1.0,128.0,,,,0,0,,,,,,,,,,,,,,,,,,,,,,0,0,0,,,0,Normal,0
27,1741864717.1718142,6.0,,,1,1,142,142,1.0,52.0,,,,0,0,,,,,,,,,,,,,,,,,,,,,,0,0,0,,,0,Normal,0
28,1741864717.1962337,6.0,,,1,1,96,96,1.0,128.0,,,,0,0,,,,,,,,,,,,,,,,,,,,,,0,0,0,,,0,Normal,0
29,1741864717.2232182,6.0,,,1,1,40,40,1.0,128.0,,,,0,0,,,,,,,,,,,,,,,,,,,,,,0,0,0,,,0,Normal,0
30,1741864717.2559812,6.0,,,1,1,40,40,1.0,55.0,,,,0,0,,,,,,,,,,,,,,,,,,,,,,0,0,0,,,0,Normal,0
31,1741864717.2635903,6.0,,,1,1,1136,1136,1.0,128.0,,,,0,0,,,,,,,,,,,,,,,,,,,,,,0,0,0,,,0,Normal,0
32,1741864717.277554,6.0,,,1,1,40,40,1.0,55.0,,,,0,0,,,,,,,,,,,,,,,,,,,,,,0,0,0,,,0,Normal,0
33,1741864717.2952356,6.0,,,1,1,96,96,1.0,55.0,,,,0,0,,,,,,,,,,,,,,,,,,,,,,0,0,0,,,0,Normal,0
34,1741864717.298254,6.0,,,1,1,96,96,1.0,128.0,,,,0,0,,,,,,,,,,,,,,,,,,,,,,0,0,0,,,0,Normal,0
35,1741864717.3587139,6.0,,,1,1,40,40,1.0,55.0,,,,0,0,,,,,,,,,,,,,,,,,,,,,,0,0,0,,,0,Normal,0
36,1741864717.3603172,6.0,,,1,1,1136,1136,1.0,128.0,,,,0,0,,,,,,,,,,,,,,,,,,,,,,0,0,0,,,0,Normal,0
37,1741864717.3803167,6.0,,,1,1,40,40,1.0,55.0,,,,0,0,,,,,,,,,,,,,,,,,,,,,,0,0,0,,,0,Normal,0
38,1741864717.3907468,6.0,,,1,1,96,96,1.0,55.0,,,,0,0,,,,,,,,,,,,,,,,,,,,,,0,0,0,,,0,Normal,0
39,1741864717.446624,6.0,,,1,1,40,40,1.0,128.0,,,,0,0,,,,,,,,,,,,,,,,,,,,,,0,0,0,,,0,Normal,0
40,1741864717.6869814,6.0,,,1,1,52,52,1.0,128.0,,,,0,0,,,,,,,,,,,,,,,,,,,,,,0,0,0,,,0,Normal,0
41,1741864717.9826121,6.0,,,1,1,52,52,1.0,128.0,,,,0,0,,,,,,,,,,,,,,,,,,,,,,0,0,0,,,0,Normal,0
42,1741864718.4726784,6.0,,,1,1,139,139,1.0,52.0,,,,0,0,,,,,,,,,,,,,,,,,,,,,,0,0,0,,,0,Normal,0
43,1741864718.5139048,6.0,,,1,1,40,40,1.0,128.0,,,,0,0,,,,,,,,,,,,,,,,,,,,,,0,0,0,,,0,Normal,0
44,1741864718.9486005,6.0,,,1,1,41,41,1.0,128.0,,,,0,0,,,,,,,,,,,,,,,,,,,,,,0,0,0,,,0,Normal,0
45,1741864719.0750473,6.0,,,1,1,280,280,1.0,128.0,,,,0,0,,,,,,,,,,,,,,,,,,,,,,0,0,0,,,0,Normal,0
46,1741864719.0915813,6.0,,,1,1,52,52,1.0,51.0,,,,0,0,,,,,,,,,,,,,,,,,,,,,,0,0,0,,,0,Normal,0
47,1741864719.133319,6.0,,,1,1,1452,1452,1.0,52.0,,,,0,0,,,,,,,,,,,,,,,,,,,,,,0,0,0,,,0,Normal,0
48,1741864719.1344016,6.0,,,1,1,60,60,1.0,128.0,,,,0,0,,,,,,,,,,,,,,,,,,,,,,0,0,0,,,0,Normal,0
49,1741864719.3332767,6.0,,,1,1,302,302,1.0,112.0,,,,0,0,,,,,,,,,,,,,,,,,,,,,,0,0,0,,,0,Normal,0
50,1741864719.3635404,6.0,,,1,1,1452,1452,1.0,52.0,,,,0,0,,,,,,,,,,,,,,,,,,,,,,0,0,0,,,0,Normal,0
51,1741864719.3692405,6.0,,,1,1,40,40,1.0,128.0,,,,0,0,,,,,,,,,,,,,,,,,,,,,,0,0,0,,,0,Normal,0
52,1741864719.3707461,6.0,,,1,1,114,114,1.0,128.0,,,,0,0,,,,,,,,,,,,,,,,,,,,,,0,0,0,,,0,Normal,0
53,1741864719.3717494,6.0,,,1,1,370,370,1.0,128.0,,,,0,0,,,,,,,,,,,,,,,,,,,,,,0,0,0,,,0,Normal,0
54,1741864719.3850389,6.0,,,1,1,40,40,1.0,128.0,,,,0,0,,,,,,,,,,,,,,,,,,,,,,0,0,0,,,0,Normal,0
55,1741864719.5251708,6.0,,,1,1,41,41,1.0,128.0,,,,0,0,,,,,,,,,,,,,,,,,,,,,,0,0,0,,,0,Normal,0
56,1741864719.5487995,6.0,,,1,1,52,52,1.0,118.0,,,,0,0,,,,,,,,,,,,,,,,,,,,,,0,0,0,,,0,Normal,0
57,1741864719.5903254,6.0,,,1,1,52,52,1.0,52.0,,,,0,0,,,,,,,,,,,,,,,,,,,,,,0,0,0,,,0,Normal,0
58,1741864719.648707,6.0,,,1,1,444,444,1.0,128.0,,,,0,0,,,,,,,,,,,,,,,,,,,,,,0,0,0,,,0,Normal,0
59,1741864719.6978261,6.0,,,1,1,52,52,1.0,128.0,,,,0,0,,,,,,,,,,,,,,,,,,,,,,0,0,0,,,0,Normal,0
60,1741864719.9903243,6.0,,,1,1,52,52,1.0,128.0,,,,0,0,,,,,,,,,,,,,,,,,,,,,,0,0,0,,,0,Normal,0
61,1741864720.2203925,6.0,,,1,1,444,444,1.0,128.0,,,,0,0,,,,,,,,,,,,,,,,,,,,,,0,0,0,,,0,Normal,0
62,1741864720.2237782,6.0,,,1,1,96,96,1.0,128.0,,,,0,0,,,,,,,,,,,,,,,,,,,,,,0,0,0,,,0,Normal,0
63,1741864720.3012326,6.0,,,1,1,40,40,1.0,55.0,,,,0,0,,,,,,,,,,,,,,,,,,,,,,0,0,0,,,0,Normal,0
64,1741864720.3022373,6.0,,,1,1,1136,1136,1.0,128.0,,,,0,0,,,,,,,,,,,,,,,,,,,,,,0,0,0,,,0,Normal,0
65,1741864720.3209314,6.0,,,1,1,40,40,1.0,55.0,,,,0,0,,,,,,,,,,,,,,,,,,,,,,0,0,0,,,0,Normal,0
66,1741864720.3317013,6.0,,,1,1,96,96,1.0,55.0,,,,0,0,,,,,,,,,,,,,,,,,,,,,,0,0,0,,,0,Normal,0
67,1741864720.3743396,6.0,,,1,1,40,40,1.0,128.0,,,,0,0,,,,,,,,,,,,,,,,,,,,,,0,0,0,,,0,Normal,0
68,1741864721.2290447,6.0,,,1,1,444,444,1.0,128.0,,,,0,0,,,,,,,,,,,,,,,,,,,,,,0,0,0,,,0,Normal,0
69,1741864721.2305546,6.0,,,1,1,96,96,1.0,128.0,,,,0,0,,,,,,,,,,,,,,,,,,,,,,0,0,0,,,0,Normal,0
70,1741864721.2927134,6.0,,,1,1,40,40,1.0,55.0,,,,0,0,,,,,,,,,,,,,,,,,,,,,,0,0,0,,,0,Normal,0
71,1741864721.2988641,6.0,,,1,1,1136,1136,1.0,128.0,,,,0,0,,,,,,,,,,,,,,,,,,,,,,0,0,0,,,0,Normal,0
72,1741864721.3136275,6.0,,,1,1,40,40,1.0,55.0,,,,0,0,,,,,,,,,,,,,,,,,,,,,,0,0,0,,,0,Normal,0
73,1741864721.3247526,6.0,,,1,1,96,96,1.0,55.0,,,,0,0,,,,,,,,,,,,,,,,,,,,,,0,0,0,,,0,Normal,0
74,1741864721.3696966,6.0,,,1,1,40,40,1.0,128.0,,,,0,0,,,,,,,,,,,,,,,,,,,,,,0,0,0,,,0,Normal,0
75,1741864721.534909,,,,1,1,0,0,1.0,,,,,0,0,,,,,,,,,,,,,,,,,,,,,,0,0,0,,,0,Normal,0
76,1741864721.535906,,,,1,1,0,0,1.0,,,,,0,0,,,,,,,,,,,,,,,,,,,,,,0,0,0,,,0,Normal,0
77,1741864721.5730622,17.0,,,1,1,69,69,1.0,128.0,,,,0,0,,,,,,,,,,,,,,,,,,,,,,0,0,0,,,0,Normal,0
78,1741864721.5740595,17.0,,,1,1,69,69,1.0,128.0,,,,0,0,,,,,,,,,,,,,,,,,,,,,,0,0,0,,,0,Normal,0
79,1741864721.5780485,,,,1,1,0,0,1.0,,,,,0,0,,,,,,,,,,,,,,,,,,,,,,0,0,0,,,0,Normal,0
80,1741864721.580554,17.0,,,1,1,133,133,1.0,64.0,,,,0,0,,,,,,,,,,,,,,,,,,,,,,0,0,0,,,0,Normal,0
81,1741864721.5934155,,,,1,1,0,0,1.0,,,,,0,0,,,,,,,,,,,,,,,,,,,,,,0,0,0,,,0,Normal,0
82,1741864721.5945067,6.0,,,1,1,52,52,1.0,128.0,,,,0,0,,,,,,,,,,,,,,,,,,,,,,0,0,0,,,0,Normal,0
83,1741864721.6361837,17.0,,,1,1,525,525,1.0,4.0,,,,0,0,,,,,,,,,,,,,,,,,,,,,,0,0,0,,,0,Normal,0
84,1741864721.6372628,17.0,,,1,1,525,525,1.0,64.0,,,,0,0,,,,,,,,,,,,,,,,,,,,,,0,0,0,,,0,Normal,0
85,1741864721.6372628,17.0,,,1,1,565,565,1.0,4.0,,,,0,0,,,,,,,,,,,,,,,,,,,,,,0,0,0,,,0,Normal,0
86,1741864721.6382806,17.0,,,1,1,581,581,1.0,4.0,,,,0,0,,,,,,,,,,,,,,,,,,,,,,0,0,0,,,0,Normal,0
87,1741864721.6393628,17.0,,,1,1,581,581,1.0,64.0,,,,0,0,,,,,,,,,,,,,,,,,,,,,,0,0,0,,,0,Normal,0
88,1741864721.901792,6.0,,,1,1,52,52,1.0,238.0,,,,0,0,,,,,,,,,,,,,,,,,,,,,,0,0,0,,,0,Normal,0
89,1741864721.9027953,6.0,,,1,1,40,40,1.0,128.0,,,,0,0,,,,,,,,,,,,,,,,,,,,,,0,0,0,,,0,Normal,0
90,1741864721.907781,6.0,,,1,1,815,815,1.0,128.0,,,,0,0,,,,,,,,,,,,,,,,,,,,,,0,0,0,,,0,Normal,0
91,1741864722.230571,6.0,,,1,1,40,40,1.0,238.0,,,,0,0,,,,,,,,,,,,,,,,,,,,,,0,0,0,,,0,Normal,0
92,1741864722.412406,6.0,,,1,1,99,99,1.0,128.0,,,,0,0,,,,,,,,,,,,,,,,,,,,,,0,0,0,,,0,Normal,0
93,1741864722.4569557,6.0,,,1,1,46,46,1.0,52.0,,,,0,0,,,,,,,,,,,,,,,,,,,,,,0,0,0,,,0,Normal,0
94,1741864722.4582095,6.0,,,1,1,41,41,1.0,128.0,,,,0,0,,,,,,,,,,,,,,,,,,,,,,0,0,0,,,0,Normal,0
95,1741864722.4781644,6.0,,,1,1,52,52,1.0,118.0,,,,0,0,,,,,,,,,,,,,,,,,,,,,,0,0,0,,,0,Normal,0
96,1741864722.94215,6.0,,,1,1,604,604,1.0,238.0,,,,0,0,,,,,,,,,,,,,,,,,,,,,,0,0,0,,,0,Normal,0
97,1741864722.9432669,6.0,,,1,1,52,52,1.0,128.0,,,,0,0,,,,,,,,,,,,,,,,,,,,,,0,0,0,,,0,Normal,0
98,1741864723.0061193,6.0,,,1,1,41,41,1.0,128.0,,,,0,0,,,,,,,,,,,,,,,,,,,,,,0,0,0,,,0,Normal,0
99,1741864723.0252373,6.0,,,1,1,52,52,1.0,118.0,,,,0,0,,,,,,,,,,,,,,,,,,,,,,0,0,0,,,0,Normal,0
100,1741864723.1145284,6.0,,,1,1,41,41,1.0,128.0,,,,0,0,,,,,,,,,,,,,,,,,,,,,,0,0,0,,,0,Normal,0
101,1741864723.1354904,6.0,,,1,1,52,52,1.0,118.0,,,,0,0,,,,,,,,,,,,,,,,,,,,,,0,0,0,,,0,Normal,0
102,1741864723.239145,6.0,,,1,1,444,444,1.0,128.0,,,,0,0,,,,,,,,,,,,,,,,,,,,,,0,0,0,,,0,Normal,0
103,1741864723.2585118,6.0,,,1,1,1452,1452,1.0,238.0,,,,0,0,,,,,,,,,,,,,,,,,,,,,,0,0,0,,,0,Normal,0
104,1741864723.259536,6.0,,,1,1,52,52,1.0,128.0,,,,0,0,,,,,,,,,,,,,,,,,,,,,,0,0,0,,,0,Normal,0
105,1741864723.391945,6.0,,,1,1,41,41,1.0,128.0,,,,0,0,,,,,,,,,,,,,,,,,,,,,,0,0,0,,,0,Normal,0
106,1741864723.4171572,6.0,,,1,1,52,52,1.0,118.0,,,,0,0,,,,,,,,,,,,,,,,,,,,,,0,0,0,,,0,Normal,0
107,1741864723.5838616,6.0,,,1,1,1452,1452,1.0,238.0,,,,0,0,,,,,,,,,,,,,,,,,,,,,,0,0,0,,,0,Normal,0
108,1741864723.586217,6.0,,,1,1,52,52,1.0,128.0,,,,0,0,,,,,,,,,,,,,,,,,,,,,,0,0,0,,,0,Normal,0
109,1741864723.7032914,6.0,,,1,1,52,52,1.0,128.0,,,,0,0,,,,,,,,,,,,,,,,,,,,,,0,0,0,,,0,Normal,0
110,1741864723.9962356,6.0,,,1,1,52,52,1.0,128.0,,,,0,0,,,,,,,,,,,,,,,,,,,,,,0,0,0,,,0,Normal,0
111,1741864725.2482975,6.0,,,1,1,444,444,1.0,128.0,,,,0,0,,,,,,,,,,,,,,,,,,,,,,0,0,0,,,0,Normal,0
112,1741864725.867897,,,,1,1,0,0,1.0,,,,,0,0,,,,,,,,,,,,,,,,,,,,,,0,0,0,,,0,Normal,0
113,1741864725.8752542,,,,1,1,0,0,1.0,,,,,0,0,,,,,,,,,,,,,,,,,,,,,,0,0,0,,,0,Normal,0
114,1741864726.2888818,6.0,,,1,1,352,352,1.0,128.0,,,,0,0,,,,,,,,,,,,,,,,,,,,,,0,0,0,,,0,Normal,0
115,1741864726.3202589,6.0,,,1,1,96,96,1.0,55.0,,,,0,0,,,,,,,,,,,,,,,,,,,,,,0,0,0,,,0,Normal,0
116,1741864726.3202589,6.0,,,1,1,1192,1192,1.0,128.0,,,,0,0,,,,,,,,,,,,,,,,,,,,,,0,0,0,,,0,Normal,0
117,1741864726.350552,6.0,,,1,1,96,96,1.0,55.0,,,,0,0,,,,,,,,,,,,,,,,,,,,,,0,0,0,,,0,Normal,0
118,1741864726.3946667,6.0,,,1,1,40,40,1.0,128.0,,,,0,0,,,,,,,,,,,,,,,,,,,,,,0,0,0,,,0,Normal,0
119,1741864726.5824347,,,,1,1,0,0,1.0,,,,,0,0,,,,,,,,,,,,,,,,,,,,,,0,0,0,,,0,Normal,0
120,1741864726.5824347,,,,1,1,0,0,1.0,,,,,0,0,,,,,,,,,,,,,,,,,,,,,,0,0,0,,,0,Normal,0
121,1741864726.861656,6.0,,,1,1,1064,1064,1.0,238.0,,,,0,0,,,,,,,,,,,,,,,,,,,,,,0,0,0,,,0,Normal,0
122,1741864726.8628845,6.0,,,1,1,52,52,1.0,128.0,,,,0,0,,,,,,,,,,,,,,,,,,,,,,0,0,0,,,0,Normal,0
123,1741864727.177961,6.0,,,1,1,428,428,1.0,238.0,,,,0,0,,,,,,,,,,,,,,,,,,,,,,0,0,0,,,0,Normal,0
124,1741864727.1789734,6.0,,,1,1,40,40,1.0,128.0,,,,0,0,,,,,,,,,,,,,,,,,,,,,,0,0,0,,,0,Normal,0
125,1741864727.1825926,6.0,,,1,1,114,114,1.0,128.0,,,,0,0,,,,,,,,,,,,,,,,,,,,,,0,0,0,,,0,Normal,0
126,1741864727.1839724,6.0,,,1,1,378,378,1.0,128.0,,,,0,0,,,,,,,,,,,,,,,,,,,,,,0,0,0,,,0,Normal,0
127,1741864727.2447085,17.0,,,1,1,244,244,1.0,4.0,,,,0,0,,,,,,,,,,,,,,,,,,,,,,0,0,0,,,0,Normal,0
128,1741864727.2621195,6.0,,,1,1,444,444,1.0,128.0,,,,0,0,,,,,,,,,,,,,,,,,,,,,,0,0,0,,,0,Normal,0
129,1741864727.2946637,17.0,,,1,1,244,244,1.0,4.0,,,,0,0,,,,,,,,,,,,,,,,,,,,,,0,0,0,,,0,Normal,0
130,1741864727.3463333,17.0,,,1,1,253,253,1.0,4.0,,,,0,0,,,,,,,,,,,,,,,,,,,,,,0,0,0,,,0,Normal,0
131,1741864727.3949373,17.0,,,1,1,253,253,1.0,4.0,,,,0,0,,,,,,,,,,,,,,,,,,,,,,0,0,0,,,0,Normal,0
132,1741864727.4456325,17.0,,,1,1,300,300,1.0,4.0,,,,0,0,,,,,,,,,,,,,,,,,,,,,,0,0,0,,,0,Normal,0
133,1741864727.4949434,17.0,,,1,1,300,300,1.0,4.0,,,,0,0,,,,,,,,,,,,,,,,,,,,,,0,0,0,,,0,Normal,0
134,1741864727.5082555,6.0,,,1,1,40,40,1.0,238.0,,,,0,0,,,,,,,,,,,,,,,,,,,,,,0,0,0,,,0,Normal,0
135,1741864727.5095756,6.0,,,1,1,219,219,1.0,238.0,,,,0,0,,,,,,,,,,,,,,,,,,,,,,0,0,0,,,0,Normal,0
136,1741864727.5453706,17.0,,,1,1,298,298,1.0,4.0,,,,0,0,,,,,,,,,,,,,,,,,,,,,,0,0,0,,,0,Normal,0
137,1741864727.562513,6.0,,,1,1,40,40,1.0,128.0,,,,0,0,,,,,,,,,,,,,,,,,,,,,,0,0,0,,,0,Normal,0
138,1741864727.5635757,6.0,,,1,1,40,40,1.0,238.0,,,,0,0,,,,,,,,,,,,,,,,,,,,,,0,0,0,,,0,Normal,0
139,1741864727.5952334,17.0,,,1,1,298,298,1.0,4.0,,,,0,0,,,,,,,,,,,,,,,,,,,,,,0,0,0,,,0,Normal,0
140,1741864727.6453307,17.0,,,1,1,308,308,1.0,4.0,,,,0,0,,,,,,,,,,,,,,,,,,,,,,0,0,0,,,0,Normal,0
141,1741864727.695061,17.0,,,1,1,308,308,1.0,4.0,,,,0,0,,,,,,,,,,,,,,,,,,,,,,0,0,0,,,0,Normal,0
142,1741864727.752666,17.0,,,1,1,310,310,1.0,4.0,,,,0,0,,,,,,,,,,,,,,,,,,,,,,0,0,0,,,0,Normal,0
143,1741864727.795545,17.0,,,1,1,310,310,1.0,4.0,,,,0,0,,,,,,,,,,,,,,,,,,,,,,0,0,0,,,0,Normal,0
144,1741864728.2426841,6.0,,,1,1,541,541,1.0,238.0,,,,0,0,,,,,,,,,,,,,,,,,,,,,,0,0,0,,,0,Normal,0
145,1741864728.243821,6.0,,,1,1,80,80,1.0,128.0,,,,0,0,,,,,,,,,,,,,,,,,,,,,,0,0,0,,,0,Normal,0
146,1741864728.243821,6.0,,,1,1,80,80,1.0,128.0,,,,0,0,,,,,,,,,,,,,,,,,,,,,,0,0,0,,,0,Normal,0
147,1741864728.243821,6.0,,,1,1,40,40,1.0,128.0,,,,0,0,,,,,,,,,,,,,,,,,,,,,,0,0,0,,,0,Normal,0
148,1741864728.2449055,6.0,,,1,1,67,67,1.0,238.0,,,,0,0,,,,,,,,,,,,,,,,,,,,,,0,0,0,,,0,Normal,0
149,1741864728.2449055,6.0,,,1,1,52,52,1.0,128.0,,,,0,0,,,,,,,,,,,,,,,,,,,,,,0,0,0,,,0,Normal,0
150,1741864728.2837613,6.0,,,1,1,40,40,1.0,128.0,,,,0,0,,,,,,,,,,,,,,,,,,,,,,0,0,0,,,0,Normal,0
151,1741864728.5595405,6.0,,,1,1,40,40,1.0,238.0,,,,0,0,,,,,,,,,,,,,,,,,,,,,,0,0,0,,,0,Normal,0
152,1741864728.56048,6.0,,,1,1,40,40,1.0,238.0,,,,0,0,,,,,,,,,,,,,,,,,,,,,,0,0,0,,,0,Normal,0
153,1741864728.56048,6.0,,,1,1,40,40,1.0,238.0,,,,0,0,,,,,,,,,,,,,,,,,,,,,,0,0,0,,,0,Normal,0
154,1741864728.5615008,6.0,,,1,1,40,40,1.0,128.0,,,,0,0,,,,,,,,,,,,,,,,,,,,,,0,0,0,,,0,Normal,0
155,1741864728.5710886,6.0,,,1,1,52,52,1.0,238.0,,,,0,0,,,,,,,,,,,,,,,,,,,,,,0,0,0,,,0,Normal,0
156,1741864728.5720181,6.0,,,1,1,40,40,1.0,128.0,,,,0,0,,,,,,,,,,,,,,,,,,,,,,0,0,0,,,0,Normal,0
157,1741864728.5741148,6.0,,,1,1,815,815,1.0,128.0,,,,0,0,,,,,,,,,,,,,,,,,,,,,,0,0,0,,,0,Normal,0
158,1741864728.59502,6.0,,,1,1,41,41,1.0,128.0,,,,0,0,,,,,,,,,,,,,,,,,,,,,,0,0,0,,,0,Normal,0
159,1741864728.8540804,6.0,,,1,1,52,52,1.0,112.0,,,,0,0,,,,,,,,,,,,,,,,,,,,,,0,0,0,,,0,Normal,0
160,1741864728.9089975,6.0,,,1,1,40,40,1.0,238.0,,,,0,0,,,,,,,,,,,,,,,,,,,,,,0,0,0,,,0,Normal,0
161,1741864728.9333663,6.0,,,1,1,233,233,1.0,238.0,,,,0,0,,,,,,,,,,,,,,,,,,,,,,0,0,0,,,0,Normal,0
162,1741864728.9360344,6.0,,,1,1,114,114,1.0,128.0,,,,0,0,,,,,,,,,,,,,,,,,,,,,,0,0,0,,,0,Normal,0
163,1741864728.937233,6.0,,,1,1,387,387,1.0,128.0,,,,0,0,,,,,,,,,,,,,,,,,,,,,,0,0,0,,,0,Normal,0
164,1741864729.1565032,6.0,,,1,1,40,40,1.0,128.0,,,,0,0,,,,,,,,,,,,,,,,,,,,,,0,0,0,,,0,Normal,0
165,1741864729.240552,6.0,,,1,1,40,40,1.0,238.0,,,,0,0,,,,,,,,,,,,,,,,,,,,,,0,0,0,,,0,Normal,0
166,1741864729.2415614,6.0,,,1,1,219,219,1.0,238.0,,,,0,0,,,,,,,,,,,,,,,,,,,,,,0,0,0,,,0,Normal,0
167,1741864729.2907484,6.0,,,1,1,40,40,1.0,238.0,,,,0,0,,,,,,,,,,,,,,,,,,,,,,0,0,0,,,0,Normal,0
168,1741864729.2957695,6.0,,,1,1,40,40,1.0,128.0,,,,0,0,,,,,,,,,,,,,,,,,,,,,,0,0,0,,,0,Normal,0
169,1741864729.4785254,6.0,,,1,1,40,40,1.0,238.0,,,,0,0,,,,,,,,,,,,,,,,,,,,,,0,0,0,,,0,Normal,0
170,1741864729.9773092,6.0,,,1,1,541,541,1.0,238.0,,,,0,0,,,,,,,,,,,,,,,,,,,,,,0,0,0,,,0,Normal,0
171,1741864729.9923058,6.0,,,1,1,67,67,1.0,238.0,,,,0,0,,,,,,,,,,,,,,,,,,,,,,0,0,0,,,0,Normal,0
172,1741864729.9923058,6.0,,,1,1,40,40,1.0,128.0,,,,0,0,,,,,,,,,,,,,,,,,,,,,,0,0,0,,,0,Normal,0
173,1741864729.993307,6.0,,,1,1,80,80,1.0,128.0,,,,0,0,,,,,,,,,,,,,,,,,,,,,,0,0,0,,,0,Normal,0
174,1741864729.9943395,6.0,,,1,1,80,80,1.0,128.0,,,,0,0,,,,,,,,,,,,,,,,,,,,,,0,0,0,,,0,Normal,0
175,1741864729.9948823,6.0,,,1,1,40,40,1.0,128.0,,,,0,0,,,,,,,,,,,,,,,,,,,,,,0,0,0,,,0,Normal,0
176,1741864729.9959388,6.0,,,1,1,52,52,1.0,128.0,,,,0,0,,,,,,,,,,,,,,,,,,,,,,0,0,0,,,0,Normal,0
177,1741864730.286772,6.0,,,1,1,52,52,1.0,240.0,,,,0,0,,,,,,,,,,,,,,,,,,,,,,0,0,0,,,0,Normal,0
178,1741864730.2889278,6.0,,,1,1,40,40,1.0,128.0,,,,0,0,,,,,,,,,,,,,,,,,,,,,,0,0,0,,,0,Normal,0
179,1741864730.298828,6.0,,,1,1,815,815,1.0,128.0,,,,0,0,,,,,,,,,,,,,,,,,,,,,,0,0,0,,,0,Normal,0
180,1741864730.3105805,6.0,,,1,1,40,40,1.0,238.0,,,,0,0,,,,,,,,,,,,,,,,,,,,,,0,0,0,,,0,Normal,0
